"muni_code","izq1936","dcha1936"
"2001",0.177927927927928,0.82027027027027
"2002",0.414191419141914,0.471947194719472
"2003",0.581017518878605,0.370230744990021
"2004",0.580152671755725,0.419847328244275
"2005",0.586972612879349,0.405132000986923
"2006",0.11305334846765,0.866515323496027
"2007",0.370588235294118,0.504072398190045
"2008",0.334765552026901,0.535867737717168
"2009",0.741730072167978,0.177480978349606
"2010",0.428706199460916,0.508086253369272
"2011",0.4077817079333,0.552130705743642
"2012",0.319979586629242,0.546057667772391
"2013",0.604358188627852,0.354102826012938
"2014",0.24629840546697,0.637243735763098
"2015",0.403842459173871,0.474351585014409
"2016",0.374175306314797,0.611844172164625
"2017",0.21216429699842,0.632069510268562
"2018",0.676153091265947,0.259568204121688
"2019",0.111305798915311,0.684355444305382
"2020",NA,NA
"2021",0.416087962962963,0.492476851851852
"2022",0.222222222222222,0.628726287262873
"2023",0.347194837784549,0.438071338949633
"2024",0.408065532451166,0.58122243226213
"2025",0.374764917079843,0.500085484698239
"2026",0.274633123689727,0.573584905660377
"2027",0.343463780183181,0.627393838467943
"2028",0.0563934426229508,0.841967213114754
"2029",0.449404976559683,0.443058059862964
"2030",0.343726171312378,0.0549012962806066
"2031",0.167418094379321,0.705740907724677
"2032",0.391821041593848,0.514854945823139
"2033",0.358839050131926,0.516446789797713
"2034",0.579009039169736,0.395882156009374
"2035",0.281503829194709,0.659085634718032
"2036",0.554803788903924,0.435723951285521
"2037",0.473868945868946,0.499282051282051
"2038",0.0679851668726823,0.901730531520396
"2039",0.625,0.299735249621785
"2040",0.450619148293567,0.440048323769254
"2041",0.352770384708444,0.619646745705299
"2042",0.0750853242320819,0.8806598407281
"2043",0.453005927180356,0.444644369178662
"2044",0.35634303780793,0.524700302990383
"2045",0.513680112468909,0.483940737536498
"2046",0.475453575240128,0.431341159729634
"2047",0.249049429657795,0.600760456273764
"2048",0.375157013258897,0.496859734822052
"2049",0.353608655495448,0.521968597440296
"2050",0.425301204819277,0.489156626506024
"2051",0.417711389703921,0.412643371565751
"2052",0.354437535330695,0.52176370830978
"2053",0.276860587002096,0.704271488469602
"2054",0.337928153717627,0.622389306599833
"2055",0.157069376489775,0.699912181658512
"2056",0.54256395432866,0.325046972105796
"2057",0.426760818395799,0.458808618504436
"2058",0.220570749108205,0.637633769322235
"2059",0.0635008282716731,0.748757592490337
"2060",0.397794741306192,0.49236641221374
"2061",0.423332661696554,0.574450936933307
"2062",0.392604902368093,0.483174075612796
"2063",0.118325394835798,0.780897468037102
"2064",0.379041248606466,0.497212931995541
"2065",0.0574682203389831,0.754766949152542
"2066",0.281395348837209,0.708372093023256
"2067",0.127888446215139,0.784262948207171
"2068",0.530896850204376,0.374849723491224
"2069",0.28314121037464,0.636167146974063
"2070",0.497577519379845,0.442587209302326
"2071",0.11879928771305,0.708216738743322
"2072",0.504502814258912,0.438461538461538
"2073",0.379879486507729,0.496528687450878
"2074",0.54264247111033,0.439694186915067
"2075",0.431266846361186,0.5180978051598
"2076",0.331812998859749,0.517673888255416
"2077",0.564584596725288,0.422073984232868
"2078",0.63320177602368,0.329551060680809
"2079",0.555061508818734,0.356751148658663
"2080",0.365995762711864,0.617055084745763
"2081",0.419936996102301,0.495381493939879
"2082",0.911392405063291,0.0708860759493671
"2083",0.412523020257827,0.468692449355433
"2084",0.281609195402299,0.685676392572944
"2085",0.308282208588957,0.556441717791411
"2086",0.362316708351724,0.631013682506988
"33001",0.157712305025997,0.842287694974003
"33002",0.452425835896418,0.547574164103582
"33003",0.329192546583851,0.670807453416149
"33004",0.489029741589469,0.510726474890297
"33005",0.468203793231685,0.531796206768315
"33006",0.871130764371447,0.128869235628553
"33007",0.383133784487246,0.616866215512754
"33008",0.580218516388729,0.419781483611271
"33009",0.380597014925373,0.619402985074627
"33010",0.5351401010565,0.4648598989435
"33011",0.495584524810765,0.504415475189235
"33012",0.496054708048396,0.503419253024724
"33013",0.144495412844037,0.855504587155963
"33014",0.458100558659218,0.541899441340782
"33015",0.581749049429658,0.417300380228137
"33016",0.446417636252296,0.553582363747704
"33017",0.260037523452158,0.739962476547842
"33018",0.201140487299119,0.798859512700881
"33019",0.180357142857143,0.819642857142857
"33020",0.534188034188034,0.465811965811966
"33021",0.311815693430657,0.688184306569343
"33022",0.669590643274854,0.330409356725146
"33023",0.141025641025641,0.858974358974359
"33024",0.63870930164832,0.360650008736677
"33025",0.409148344705585,0.590346221885267
"33026",0.571768993552005,0.428231006447995
"33027",0.116763969974979,0.883236030025021
"33028",0.722222222222222,0.277777777777778
"33029",0.0125523012552301,0.98744769874477
"33030",0.216931216931217,0.783068783068783
"33031",0.801104323308271,0.198895676691729
"33032",0.764631843926998,0.235368156073002
"33033",0.519651347068146,0.480348652931854
"33034",0.387104202648244,0.612895797351756
"33035",0.543651886532636,0.456348113467364
"33036",0.42441304578774,0.57558695421226
"33037",0.785361028684471,0.214638971315529
"33038",0.569767441860465,0.430232558139535
"33039",0.425913163335631,0.574086836664369
"33040",0.432675666320526,0.565247490481135
"33041",0.206283719454142,0.793716280545858
"33042",0.334545454545455,0.665454545454545
"33043",0.551312649164678,0.448687350835322
"33044",0.599381612052502,0.400618387947498
"33045",0.456679223413503,0.543320776586497
"33046",0.154334038054968,0.841437632135307
"33047",0.26411149825784,0.73588850174216
"33048",0.0197628458498024,0.980237154150198
"33049",0.482618391709301,0.517381608290699
"33050",0.374531835205993,0.625468164794007
"33051",0.398840579710145,0.601159420289855
"33052",0.510158013544018,0.489841986455982
"33053",0.602389078498293,0.397610921501706
"33054",0.659539473684211,0.340460526315789
"33055",0.561120543293718,0.438879456706282
"33056",0.602932551319648,0.397067448680352
"33057",0.80209545983702,0.19790454016298
"33058",0.769144144144144,0.230855855855856
"33059",0.399352983465133,0.600647016534867
"33060",0.756265572328888,0.243734427671112
"33061",0.0711610486891386,0.928838951310861
"33062",0.105357142857143,0.894642857142857
"33063",0.244821092278719,0.755178907721281
"33064",0.581548599670511,0.418451400329489
"33065",0.257475083056478,0.742524916943522
"33066",0.579369404437524,0.420630595562476
"33067",0.474324324324324,0.525675675675676
"33068",0.305441478439425,0.694558521560575
"33069",0.514705882352941,0.485294117647059
"33070",0.12974358974359,0.87025641025641
"33071",0.331599479843953,0.668400520156047
"33072",0.38923487544484,0.61076512455516
"33073",0.477351916376307,0.522648083623693
"33074",0.303295571575695,0.696704428424305
"33075",0.1,0.9
"33076",0.336871903750885,0.663128096249115
"33077",0.121457489878543,0.878542510121457
"33078",0.190082644628099,0.809917355371901
"27001",0.182878719567178,0.17498872858431
"27002",0.143359797906893,0.354204258390473
"27003",0.365248455200824,0
"27004",0.281418327219854,0.0595155480651664
"27005",0.168250197941409,0.169041963578781
"27006",0.296930622577328,0.0774464045566015
"27007",0.0665172568354998,0.294755714926042
"27008",0.168609799291617,0.187057260920897
"27009",0.283446232006774,0.0663279706463449
"27010",0.0632669393562155,0.300995909656767
"27011",0.296235199237509,0.0742329264269218
"27012",0.230450603902137,0.157827500774234
"27014",0.0296545105566219,0.316314779270633
"27015",0.136534281762498,0.230191661726931
"27016",0.333601846207437,0.0410606984237569
"27017",0.128368263473054,0.254416167664671
"27018",0.186917379645001,0.148352700804495
"27019",0.102955898624796,0.187575741609147
"27020",0.12259165731388,0.252244668911336
"27021",0.296380573135177,0.190215459005902
"27022",0.0737020921499672,0.239285927162186
"27023",0.0546184738955823,0.238841078600115
"27024",0.189477828633299,0.18332595108027
"27025",0.0696372592924317,0.300716524854456
"27026",0.233583926551793,0.18428580932739
"27027",0.21262014208107,0.182365231926452
"27028",0.13340600481785,0.217180077247097
"27029",0.145169912180221,0.186254295532646
"27030",0.137100737100737,0.224872424872425
"27031",0.188825255585006,0.185559447179099
"27032",0.363247863247863,0.000316555872111428
"27033",0.177039097964563,0.190511055791478
"27034",0.199823594266814,0.199073869900772
"27035",0.248411902373788,0.142427281845537
"27037",0.146173519575054,0.229146173519575
"27038",0.333307139208675,0.22160229460532
"27039",0.0367660076718796,0.294187075833579
"27040",0.37302652352384,0
"27041",0.0916236050197577,0.241999218376829
"27042",0.107256986810761,0.253500668177328
"27043",0.058912037037037,0.287615740740741
"27044",0.277886267770661,0.183721293547883
"27045",0.268132166361354,0
"27046",0.236194326138742,0.125460189128709
"27047",0.285346427929816,0.0837175878795137
"27048",0.127905736830881,0.227340584346342
"27049",0.155387818844352,0.154346694429984
"27050",0.167895908711383,0.208947954355692
"27051",0.17922165820643,0.193671742808799
"27052",0.240148757714828,0.102626997942712
"27054",0.0426198683798182,0.324140812702392
"27055",0.117076855290489,0.206835777679864
"27056",0.144353369763206,0.198087431693989
"27057",0.151282475591594,0.201985768657951
"27058",0.104647486563389,0.262900902799733
"27059",0.127150761767604,0.248351398468885
"27060",0.341931693770194,0.0302277764426286
"27061",0.157062915910466,0.316923774954628
"27062",0.00149356617647059,0.294577205882353
"27063",0.090644127076654,0.283687943262411
"27064",0.224522746699592,0.13410580302023
"27065",0.0996955417224194,0.267399693602498
"27066",0.244789550072569,0.127227866473149
"27901",0.298261499456719,0.0745201014125317
"27902",0.140539015098067,0.227740934104699
"1001",0.266666666666667,0.6
"1002",0.112827883578872,0.461372619475386
"1003",0.0190597204574333,0.362134688691233
"1004",0.180851063829787,0.495744680851064
"1006",0.0372670807453416,0.937888198757764
"1008",0.127423822714681,0.584487534626039
"1009",0.206809583858764,0.513240857503153
"1010",0.0942201108471892,0.60965954077593
"1011",0.201183431952663,0.798816568047337
"1013",0.109053497942387,0.534979423868313
"1014",0.219444444444444,0.744444444444444
"1016",0.146645865834633,0.614664586583463
"1017",0.132450331125828,0.528697571743929
"1018",0.0168776371308017,0.643459915611814
"1019",0.016260162601626,0.349593495934959
"1020",0.26875,0.696875
"1021",0.112745098039216,0.632352941176471
"1022",0.354200988467875,0.537067545304778
"1023",0.25830258302583,0.608856088560886
"1027",0.0733695652173913,0.5625
"1028",0.410294117647059,0.570588235294118
"1030",0.139751552795031,0.736024844720497
"1031",0.286135693215339,0.662733529990167
"1032",0.279661016949153,0.570621468926554
"1033",0.503164556962025,0.477848101265823
"1034",0.605095541401274,0.184713375796178
"1036",0.0892857142857143,0.543154761904762
"1037",0.13089802130898,0.672754946727549
"1039",0.176470588235294,0.792156862745098
"1041",0.312977099236641,0.656488549618321
"1042",0.00961538461538462,0.564903846153846
"1043",0.12112676056338,0.838028169014085
"1044",0.0489130434782609,0.932065217391304
"1046",0.0765625,0.8421875
"1047",0.317152103559871,0.585760517799353
"1049",0.0412371134020619,0.652920962199313
"1051",0.136302294197031,0.42914979757085
"1052",0.588235294117647,0.389705882352941
"1053",0.114413075780089,0.61961367013373
"1054",0.101818181818182,0.667272727272727
"1055",0.0509259259259259,0.662698412698413
"1056",0.0117302052785924,0.668621700879765
"1057",0.269938650306748,0.588957055214724
"1058",0.198529411764706,0.297794117647059
"1059",0.315152911363244,0.530611069515637
"1060",0.105263157894737,0.885964912280702
"1061",0.309090909090909,0.563636363636364
"1062",0.119444444444444,0.861111111111111
"1063",0.00123762376237624,0.555693069306931
"1901",0.228632478632479,0.604700854700855
"1902",0.0903522205206738,0.704441041347626
"20001",0.00411522633744856,0.526748971193416
"20002",0.0258152173913043,0.375
"20003",0.00483091787439614,0.48792270531401
"20004",0,0.604240282685512
"20005",0.122991689750693,0.325207756232687
"20006",0.0239880059970015,0.593703148425787
"20007",0.0476190476190476,0.514550264550265
"20008",0.00594059405940594,0.587128712871287
"20009",0.201210287443268,0.303916624642797
"20010",0.028957528957529,0.231660231660232
"20011",0.0902169775409212,0.444994290064713
"20012",0.00373134328358209,0.656716417910448
"20013",0.130445925166581,0.381342901076371
"20014",0.0382165605095541,0.606687898089172
"20015",0.00823045267489712,0.398208666182522
"20016",0.00754920463736856,0.35346454569965
"20017",0.0181660899653979,0.507641291810842
"20018",0.030180483786415,0.442447390099603
"20019",0.373655913978495,0.289170506912442
"20020",0.00321543408360129,0.630225080385852
"20021",0.148825065274151,0.548302872062663
"20022",0.0873430962343096,0.536610878661088
"20023",0.050561797752809,0.606741573033708
"20024",0.00246457178065311,0.249537892791128
"20025",0.0571761960326721,0.736581096849475
"20026",0,0.447004608294931
"20027",0.0313131313131313,0.416498316498316
"20028",0.155654383735705,0.318297331639136
"20029",0.128391914041158,0.303587688945547
"20030",0.565575048732944,0.190058479532164
"20031",0.03690036900369,0.498154981549816
"20032",0.185446009389671,0.264140397943215
"20033",0.154819277108434,0.313253012048193
"20034",0.0535660547697863,0.374360517604574
"20035",0.0441919191919192,0.407828282828283
"20036",0.238583410997204,0.390843429636533
"20037",0.00938086303939963,0.720450281425891
"20038",0.0345514950166113,0.310299003322259
"20039",0.0651105651105651,0.324938574938575
"20040",0.448657781115074,0.106438896189225
"20041",0.0146252285191956,0.409506398537477
"20042",0.102769230769231,0.590769230769231
"20043",0.0713324360699865,0.321668909825034
"20044",0,0.463315217391304
"20045",0.535584998551984,0.352700550246163
"20046",0.122051282051282,0.131282051282051
"20047",0.0343082114735658,0.376265466816648
"20048",0,0.296641791044776
"20049",0.0719424460431655,0.287769784172662
"20050",0.240698557327259,0.420652999240699
"20051",0.114711786636077,0.466590192142243
"20052",0.116433308769344,0.366985998526161
"20053",0.178246013667426,0.212129840546697
"20054",0.00374531835205993,0.531835205992509
"20055",0.272239570822324,0.354311794379054
"20056",0.119154190461491,0.324587127643155
"20057",0.0216346153846154,0.507211538461538
"20058",0.0865800865800866,0.44047619047619
"20059",0.0968421052631579,0.481214574898785
"20060",0,0.289655172413793
"20061",0.11191231612345,0.269397173348716
"20062",0.118459302325581,0.356104651162791
"20063",0.0428275385678103,0.357817177066544
"20064",0.512658227848101,0.0986900206064174
"20065",0.171463671463671,0.408564408564409
"20066",0.00394011032308905,0.440898345153664
"20067",0.407714470512142,0.181043099900041
"20068",0.136904761904762,0.325892857142857
"20069",0.456199465059796,0.302358041012082
"20070",0.00873161764705882,0.490349264705882
"20071",0.289129922188163,0.383352982787079
"20072",0.237212750185322,0.197183098591549
"20073",0.0705009276437848,0.244102835939571
"20074",0.205620691686797,0.309903965121075
"20075",0.236336336336336,0.29039039039039
"20076",0.252231223396952,0.424275710558836
"20077",0.271721444842174,0.278880572730231
"20078",0.000744047619047619,0.646577380952381
"20079",0.100569544364508,0.412020383693046
"20080",0.126324537710368,0.288385622273011
"20081",0.127922971114168,0.311382393397524
"48001",0.0564174894217207,0.450399623883404
"48002",0.815645999746418,0.0476733865855205
"48003",0.145945945945946,0.371771771771772
"48004",0.0394477317554241,0.161735700197239
"48005",0.031413612565445,0.366492146596859
"48006",0,0.401574803149606
"48007",0.0133460438512869,0.51858913250715
"48008",0.216651745747538,0.393912264995524
"48009",0.107108081791626,0.272638753651412
"48010",0.0505780346820809,0.251445086705202
"48011",0.529419560031805,0.0803074476543864
"48012",0.00718778077268643,0.287511230907457
"48013",0.587041748675852,0.113612724625158
"48014",0.138461538461538,0.115384615384615
"48015",0.450258942550885,0.261592195591955
"48016",0.274941451990632,0.248711943793911
"48017",0.358019762451342,0.104301826529594
"48019",0.17260579064588,0.277839643652561
"48020",0.442563424694622,0.172136134159354
"48021",0.14043583535109,0.239709443099274
"48022",0.16381544841887,0.359771902540176
"48023",0.0269978401727862,0.356371490280778
"48024",0.0116134384072999,0.425134798838656
"48025",0.131756756756757,0.422297297297297
"48026",0.024139472507823,0.463567277603934
"48027",0.172317752482441,0.44030031484621
"48028",0.0134387351778656,0.253754940711462
"48029",0.360408344429649,0.189525077674212
"48030",0.0972447325769854,0.291734197730956
"48031",0.080082135523614,0.0924024640657084
"48032",0.0604946524064171,0.475267379679144
"48033",0.0323679727427598,0.534923339011925
"48034",0.0751665080875357,0.41674595623216
"48035",0.114893617021277,0.259574468085106
"48036",0.149048625792812,0.291402396053559
"48037",0.514348785871965,0.219426048565121
"48038",0.0367170626349892,0.244060475161987
"48039",0.0486486486486487,0.386486486486486
"48040",0.0492957746478873,0.288732394366197
"48041",0.0180817610062893,0.258647798742138
"48042",0.0309597523219814,0.693498452012384
"48043",0.197486535008977,0.149012567324955
"48044",0.262908524987031,0.217119142313678
"48045",0.303550640279395,0.241268917345751
"48046",0.0945340501792115,0.414650537634409
"48047",0.0350877192982456,0.143859649122807
"48048",0.127388535031847,0.24203821656051
"48049",0.0854700854700855,0.258309591642925
"48050",0.115151515151515,0.315151515151515
"48051",0.171617161716172,0.825082508250825
"48052",0.123298033282905,0.392586989409985
"48053",0.0126050420168067,0.245798319327731
"48054",0.397738209817132,0.101780558229066
"48055",0.0713375796178344,0.361783439490446
"48056",0.181008902077151,0.225519287833828
"48057",0.0965896086060884,0.203707942320897
"48058",0.0485629335976214,0.568880079286422
"48059",0.0209267563527653,0.556053811659193
"48060",0.0723830734966592,0.310690423162583
"48061",0.0360655737704918,0.350819672131148
"48062",0.0182741116751269,0.479187817258883
"48063",0.0428265524625268,0.0792291220556745
"48064",0,0.276315789473684
"48065",0.308567603748327,0.370816599732262
"48066",0.0927835051546392,0.45360824742268
"48067",0.0507948817371074,0.450949980612641
"48068",0.0825842696629213,0.297191011235955
"48069",0.0566811384466956,0.337433671008201
"48070",0.0813008130081301,0.178861788617886
"48071",0.690142942227516,0.0869565217391304
"48072",0.0713073005093379,0.305602716468591
"48073",0.083112582781457,0.339900662251656
"48074",0.159885675857431,0.388365837256221
"48075",0.1244,0.4608
"48076",0.0185676392572944,0.180371352785146
"48077",0.107805806758686,0.243217515468824
"48078",0.563174196304603,0.175157534978105
"48079",0.0176297747306562,0.342801175318315
"48080",0.700575098961834,0.0602733587273135
"48082",0.541651959054006,0.151341334274621
"48083",0.821198749770178,0.0345651774223203
"48084",0.650497284764171,0.131063518213436
"48085",0.361290322580645,0.105990783410138
"48086",0.392987964416536,0.250130821559393
"48087",0.272941176470588,0.529411764705882
"48088",0.00305810397553517,0.345565749235474
"48089",0.113797169811321,0.118514150943396
"48090",0.384554140127389,0.240711252653928
"48091",0.0394618834080717,0.285201793721973
"48092",0.179019384264538,0.3557582668187
"48093",0.0257400257400257,0.574002574002574
"48094",0.041365725541694,0.387393302692055
"48095",0.201465201465201,0.242979242979243
"48096",0.299506477483035,0.2449105490438
"48097",0.289617486338798,0.445355191256831
"22001",0.286309937456567,0.713690062543433
"22002",0.131147540983607,0.868852459016393
"22003",0.191588785046729,0.808411214953271
"22004",0.549755301794454,0.450244698205546
"22006",0.374468085106383,0.625531914893617
"22007",0.366107838695061,0.633892161304939
"22008",0.0866574965612105,0.91334250343879
"22009",0.42139175257732,0.57860824742268
"22011",0.308176100628931,0.691823899371069
"22012",0.282674772036474,0.717325227963526
"22013",0.538461538461538,0.461538461538462
"22014",0.783422459893048,0.216577540106952
"22015",0.254985754985755,0.745014245014245
"22016",0.357119793348402,0.642880206651598
"22017",0.249578414839798,0.750421585160202
"22018",0.5176,0.4824
"22019",0.267148014440433,0.732851985559567
"22021",0.48094512195122,0.51905487804878
"22022",0.1795166858458,0.8204833141542
"22023",0.337612323491656,0.662387676508344
"22024",0.310574521232306,0.689425478767694
"22027",0.156653565412689,0.843346434587311
"22028",0.270700636942675,0.729299363057325
"22029",0.327800829875519,0.672199170124481
"22032",0.274685816876122,0.725314183123878
"22035",0.434690639873083,0.565309360126917
"22036",0.207430340557276,0.792569659442725
"22037",0.556962025316456,0.443037974683544
"22039",0.539819537073362,0.460180462926638
"22040",0.369814020028612,0.630185979971388
"22041",0.196787148594378,0.803212851405622
"22042",0.43796992481203,0.56203007518797
"22043",0.625592417061611,0.374407582938389
"22044",0.281173594132029,0.718826405867971
"22045",0.152663934426229,0.847336065573771
"22046",0.344116457743631,0.655883542256369
"22047",0.392405063291139,0.607594936708861
"22048",0.3198402417962,0.6801597582038
"22049",0.116094986807388,0.883905013192612
"22050",0.156316916488223,0.843683083511777
"22051",0.343891402714932,0.656108597285068
"22052",0.419354838709677,0.580645161290323
"22053",0.330572289156627,0.669427710843373
"22054",0.36913357400722,0.63086642599278
"22055",0.723546234509056,0.276453765490944
"22057",0.529175050301811,0.470824949698189
"22058",0.308649289099526,0.691350710900474
"22059",0.434045226130653,0.565954773869347
"22060",0.310973512211902,0.689026487788098
"22061",0.437675463222908,0.562324536777091
"22062",0.2,0.8
"22063",0.460710441334769,0.539289558665231
"22064",0.147751605995717,0.852248394004283
"22066",0.417770849571317,0.582229150428683
"22067",0.143292682926829,0.856707317073171
"22068",0.474025974025974,0.525974025974026
"22069",0.0801815431164902,0.91981845688351
"22072",0.241185897435897,0.758814102564103
"22074",0.335766423357664,0.664233576642336
"22075",0.189555125725339,0.810444874274661
"22076",0.423338566195709,0.576661433804291
"22077",0.333757961783439,0.66624203821656
"22078",0.543313708999159,0.456686291000841
"22079",0.118577075098814,0.881422924901186
"22080",0.301176470588235,0.698823529411765
"22081",0.235899731423456,0.764100268576544
"22082",0.31331592689295,0.68668407310705
"22083",0.334945586457074,0.665054413542926
"22084",0.37409200968523,0.62590799031477
"22085",0.497607655502392,0.502392344497608
"22086",0.282926829268293,0.717073170731707
"22087",0.44060475161987,0.55939524838013
"22088",0.496042216358839,0.503957783641161
"22089",0.110161443494777,0.889838556505223
"22090",0.202072538860104,0.797927461139896
"22094",0.484486873508353,0.515513126491647
"22095",0.969565217391304,0.0304347826086957
"22096",0.470588235294118,0.529411764705882
"22099",0.295795795795796,0.704204204204204
"22102",0.48565965583174,0.51434034416826
"22103",0.541315345699831,0.458684654300169
"22105",0.492840095465394,0.507159904534606
"22106",0.666666666666667,0.333333333333333
"22107",0.0404411764705882,0.959558823529412
"22109",0.254536029030586,0.745463970969414
"22110",0.558549222797928,0.441450777202073
"22111",0.785326086956522,0.214673913043478
"22112",0.423065015479876,0.576934984520124
"22113",0.328315182575272,0.671684817424728
"22115",0.354166666666667,0.645833333333333
"22116",0.435670524166099,0.564329475833901
"22117",0.228006049911772,0.771993950088228
"22119",0.853746397694525,0.146253602305476
"22122",0.11219512195122,0.88780487804878
"22124",NA,NA
"22125",0.309559315061449,0.690440684938551
"22126",0.355371900826446,0.644628099173554
"22127",0.348275862068965,0.651724137931034
"22128",0.230588235294118,0.769411764705882
"22129",0.207929515418502,0.792070484581498
"22130",0.354538168703667,0.645461831296333
"22131",0.0967741935483871,0.903225806451613
"22133",0.497005988023952,0.502994011976048
"22135",0.225708502024291,0.774291497975709
"22136",0.569987389659521,0.430012610340479
"22137",0.701803833145434,0.298196166854566
"22139",0.36604774535809,0.63395225464191
"22141",0.298319327731092,0.701680672268908
"22142",0.325233644859813,0.674766355140187
"22143",0.323557237464522,0.676442762535478
"22144",0.271409749670619,0.728590250329381
"22149",0.448512585812357,0.551487414187643
"22150",0.350687988099665,0.649312011900335
"22151",0.533632286995516,0.466367713004484
"22155",0.0661322645290581,0.933867735470942
"22156",0.271370420624152,0.728629579375848
"22157",NA,NA
"22158",0.49297390306854,0.50702609693146
"22160",0.172014260249554,0.827985739750446
"22162",0.242524916943522,0.757475083056478
"22163",0.236165237724084,0.763834762275916
"22164",0.232558139534884,0.767441860465116
"22165",0.596548004314995,0.403451995685005
"22167",0.549479166666667,0.450520833333333
"22168",0.18429003021148,0.81570996978852
"22170",0.37152034261242,0.62847965738758
"22172",0.120598591549296,0.879401408450704
"22173",0.296018735362998,0.703981264637002
"22174",0.16472235184321,0.83527764815679
"22175",0.307657038055938,0.692342961944062
"22176",0.375375375375375,0.624624624624625
"22177",0.451271186440678,0.548728813559322
"22178",0.447817836812144,0.552182163187856
"22181",0.276073619631902,0.723926380368098
"22182",0.243033052495139,0.756966947504861
"22184",0.216142270861833,0.783857729138167
"22186",0.582132564841499,0.417867435158501
"22187",0.306532663316583,0.693467336683417
"22188",0.269865067466267,0.730134932533733
"22189",0.188612099644128,0.811387900355872
"22190",0.368055555555556,0.631944444444444
"22193",0.637660485021398,0.362339514978602
"22195",0.274151436031332,0.725848563968668
"22197",0.270671834625323,0.729328165374677
"22199",0.501047668936616,0.498952331063384
"22200",0.509398496240602,0.490601503759398
"22201",0.622222222222222,0.377777777777778
"22202",0.392592592592593,0.607407407407407
"22203",0.41747572815534,0.58252427184466
"22204",NA,NA
"22205",0.399328859060403,0.600671140939597
"22206",0.252161383285303,0.747838616714697
"22207",0.207746478873239,0.792253521126761
"22208",0.596698113207547,0.403301886792453
"22209",0.489473684210526,0.510526315789474
"22212",0.509174311926605,0.490825688073394
"22213",0.403954802259887,0.596045197740113
"22214",0.254501800720288,0.745498199279712
"22215",0.668094218415418,0.331905781584582
"22217",0.304154302670623,0.695845697329377
"22218",0.108108108108108,0.891891891891892
"22220",0.155172413793103,0.844827586206897
"22221",0.388,0.612
"22222",0.243566726511071,0.756433273488929
"22223",0.303571428571429,0.696428571428571
"22225",0.469459757442117,0.530540242557883
"22226",0.430975143403442,0.569024856596558
"22227",NA,NA
"22228",0.0947630922693267,0.905236907730673
"22229",0.410869565217391,0.589130434782609
"22230",0.23154701718908,0.76845298281092
"22232",0.215867158671587,0.784132841328413
"22233",0.114485981308411,0.885514018691589
"22234",0.667550839964633,0.332449160035367
"22235",0.357615894039735,0.642384105960265
"22236",0.207386363636364,0.792613636363636
"22242",0.0667808219178082,0.933219178082192
"22243",NA,NA
"22244",0.225433526011561,0.774566473988439
"22245",0.444642857142857,0.555357142857143
"22246",0.307053941908714,0.692946058091286
"22247",0.195348837209302,0.804651162790698
"22248",0.199052132701422,0.800947867298578
"22249",0.457983193277311,0.542016806722689
"22250",0.51088534107402,0.48911465892598
"22251",0.161369193154034,0.838630806845966
"22252",0.167528438469493,0.832471561530507
"22253",0.498039215686275,0.501960784313725
"22254",0.449213769655759,0.550786230344241
"22526",0.240350877192982,0.759649122807018
"22901",0.559,0.441
"22902",0.696236559139785,0.303763440860215
"22903",0.398645127670662,0.601354872329338
"22904",0.451939779965258,0.548060220034742
"22905",0.305051813471503,0.694948186528497
"22906",0.219602977667494,0.780397022332506
"22907",0.233603344656389,0.766396655343611
"22908",0.358705161854768,0.641294838145232
"44001",0.309368191721133,0.690631808278867
"44002",0.778193479422769,0.221806520577231
"44003",0.0735930735930736,0.926406926406926
"44004",0.507418397626113,0.492581602373887
"44005",0.243944636678201,0.756055363321799
"44006",0.216194331983806,0.783805668016194
"44007",0.16699604743083,0.83300395256917
"44008",0.280968581148689,0.719031418851311
"44009",0.0885729907053034,0.911427009294697
"44010",0.400222965440357,0.599777034559643
"44011",0.303732303732304,0.696267696267696
"44012",0.395348837209302,0.604651162790698
"44013",0.241238051888939,0.758761948111061
"44014",0.336763518966909,0.663236481033091
"44016",0.360304616849119,0.63969538315088
"44017",0.270910047343503,0.729089952656497
"44018",0.311787072243346,0.688212927756654
"44019",0.830769230769231,0.169230769230769
"44020",NA,NA
"44021",NA,NA
"44022",0.0980392156862745,0.901960784313726
"44023",0.164473684210526,0.835526315789474
"44024",0.060546875,0.939453125
"44025",0.371665133394664,0.628334866605336
"44026",0.271327014218009,0.72867298578199
"44027",0.233333333333333,0.766666666666667
"44028",0.149720670391061,0.850279329608939
"44029",NA,NA
"44031",0.244186046511628,0.755813953488372
"44032",0.160401002506266,0.839598997493734
"44033",0.243630573248408,0.756369426751592
"44034",0.335517693315858,0.664482306684142
"44035",0.117021276595745,0.882978723404255
"44036",0.0268199233716475,0.973180076628352
"44037",0.356477166821994,0.643522833178006
"44038",0.130645161290323,0.869354838709677
"44039",0.0454980842911877,0.954501915708812
"44040",0.350769230769231,0.649230769230769
"44041",0.306513409961686,0.693486590038314
"44042",NA,NA
"44043",0.269662921348315,0.730337078651685
"44044",0.21830985915493,0.78169014084507
"44045",0.319234642497482,0.680765357502518
"44046",0.295366795366795,0.704633204633205
"44047",0.379825653798257,0.620174346201743
"44048",0.0978441127694859,0.902155887230514
"44049",0.318097591105621,0.681902408894379
"44050",NA,NA
"44051",0.208410636982066,0.791589363017934
"44052",0.0907127429805616,0.909287257019438
"44053",0.393115942028986,0.606884057971015
"44054",0.526578073089701,0.473421926910299
"44055",0.658940397350993,0.341059602649007
"44056",0.366412213740458,0.633587786259542
"44059",0.127227722772277,0.872772277227723
"44060",0.253886010362694,0.746113989637306
"44061",0.211895910780669,0.788104089219331
"44062",NA,NA
"44063",NA,NA
"44064",0.249581239530988,0.750418760469012
"44065",0.0906095551894563,0.909390444810544
"44066",0.440917107583774,0.559082892416226
"44067",0.0694006309148265,0.930599369085173
"44068",0.193342299932751,0.806657700067249
"44070",0.0907473309608541,0.909252669039146
"44071",0.209424083769634,0.790575916230366
"44074",0.279105628373169,0.720894371626831
"44075",0.189097103918228,0.810902896081772
"44076",0.4165820642978,0.5834179357022
"44077",0.36,0.64
"44080",0.390180878552972,0.609819121447028
"44082",NA,NA
"44084",0.444444444444444,0.555555555555556
"44085",NA,NA
"44086",0.340831295843521,0.659168704156479
"44087",0.0753968253968254,0.924603174603175
"44088",0.32484076433121,0.67515923566879
"44089",0.0850202429149798,0.91497975708502
"44090",0.354455445544554,0.645544554455446
"44092",0.172932330827068,0.827067669172932
"44093",0.137123745819398,0.862876254180602
"44094",0.0377906976744186,0.962209302325581
"44096",0.349683544303797,0.650316455696203
"44097",0.427835051546392,0.572164948453608
"44099",0.294520547945205,0.705479452054795
"44100",NA,NA
"44101",0.120218579234973,0.879781420765027
"44102",0.192156862745098,0.807843137254902
"44103",0.194473963868225,0.805526036131775
"44106",0.277777777777778,0.722222222222222
"44107",0.356884057971014,0.643115942028985
"44108",0.329232995658466,0.670767004341534
"44109",0.163967611336032,0.836032388663968
"44110",0.0989247311827957,0.901075268817204
"44111",0.154411764705882,0.845588235294118
"44112",0.164024810475534,0.835975189524466
"44113",0.173151750972763,0.826848249027237
"44114",0.0205724508050089,0.979427549194991
"44116",0.125796178343949,0.874203821656051
"44117",0.426896012509773,0.573103987490227
"44118",0.351456310679612,0.648543689320388
"44119",0.126598465473146,0.873401534526854
"44120",NA,NA
"44121",0.248,0.752
"44122",0.0961538461538462,0.903846153846154
"44123",0.06875,0.93125
"44124",0.332599118942731,0.667400881057269
"44125",0.189138576779026,0.810861423220974
"44126",0.0860549507516848,0.913945049248315
"44127",0.167078189300412,0.832921810699588
"44128",0.15609756097561,0.84390243902439
"44129",0.0380952380952381,0.961904761904762
"44130",0.16793893129771,0.83206106870229
"44131",0.613122171945701,0.386877828054299
"44132",0.0921305182341651,0.907869481765835
"44133",0.0198019801980198,0.98019801980198
"44135",0.148671096345515,0.851328903654485
"44136",0.0775577557755776,0.922442244224422
"44137",NA,NA
"44138",0.219774314884471,0.780225685115529
"44142",0.310975609756098,0.689024390243902
"44143",0.564375,0.435625
"44144",0.232839838492598,0.767160161507402
"44145",0.168774846404048,0.831225153595952
"44146",0.0291666666666667,0.970833333333333
"44147",0.267137096774194,0.732862903225806
"44148",0.12258064516129,0.87741935483871
"44149",0.105128205128205,0.894871794871795
"44150",0.691358024691358,0.308641975308642
"44151",0.563786008230453,0.436213991769547
"44152",0.208540218470705,0.791459781529295
"44153",0.481740234995237,0.518259765004763
"44154",0.31875,0.68125
"44155",0.498827941865917,0.501172058134083
"44156",0.35796766743649,0.64203233256351
"44157",0.219465648854962,0.780534351145038
"44158",0.132795304475422,0.867204695524578
"44159",NA,NA
"44160",0.230031948881789,0.769968051118211
"44161",0.212309605222257,0.787690394777743
"44163",0.334500875656743,0.665499124343257
"44164",0.0100755667506297,0.98992443324937
"44165",0.318181818181818,0.681818181818182
"44167",0.121085594989562,0.878914405010438
"44168",0.0516934046345811,0.948306595365419
"44169",0.816901408450704,0.183098591549296
"44171",0.637462235649547,0.362537764350453
"44172",0.10361216730038,0.89638783269962
"44173",0.36908077994429,0.63091922005571
"44174",0.0342205323193916,0.965779467680608
"44176",0.104651162790698,0.895348837209302
"44177",0.382172131147541,0.617827868852459
"44178",0.0338504936530324,0.966149506346968
"44179",NA,NA
"44180",0.118673647469459,0.881326352530541
"44181",0.0626506024096386,0.937349397590361
"44182",0.13847158719791,0.86152841280209
"44183",0.373509933774834,0.626490066225166
"44184",0.253289473684211,0.746710526315789
"44185",0.0553250345781466,0.944674965421853
"44187",0.136600625651721,0.863399374348279
"44189",0.0972222222222222,0.902777777777778
"44190",0.00387972841901067,0.996120271580989
"44191",0.364754098360656,0.635245901639344
"44192",0.426479203280609,0.573520796719391
"44193",0.098936170212766,0.901063829787234
"44194",0.283163265306122,0.716836734693878
"44195",0.134796238244514,0.865203761755486
"44196",0.121420389461627,0.878579610538373
"44197",0.0590778097982709,0.940922190201729
"44198",NA,NA
"44199",0.331877729257642,0.668122270742358
"44200",0.0827770360480641,0.917222963951936
"44201",0.267052023121387,0.732947976878613
"44203",0.271428571428571,0.728571428571429
"44204",0.131375579598145,0.868624420401855
"44205",0.089273112208892,0.910726887791108
"44206",0.198529411764706,0.801470588235294
"44207",0.0189461219656602,0.98105387803434
"44208",0.24188790560472,0.75811209439528
"44209",0.646543330087634,0.353456669912366
"44210",0.351808176100629,0.648191823899371
"44211",0.281092012133468,0.718907987866532
"44212",0.675675675675676,0.324324324324324
"44213",0.0784313725490196,0.92156862745098
"44215",0.203363914373089,0.796636085626911
"44216",0.365199524170001,0.634800475829999
"44217",0.642105263157895,0.357894736842105
"44218",NA,NA
"44219",0.00707213578500707,0.992927864214993
"44220",0.271714922048998,0.728285077951002
"44221",0.164167916041979,0.835832083958021
"44222",0.109042553191489,0.890957446808511
"44223",0.235104669887279,0.764895330112721
"44224",0.276083467094703,0.723916532905297
"44225",0.224876441515651,0.775123558484349
"44226",0.219026548672566,0.780973451327434
"44227",0.0682788051209104,0.93172119487909
"44228",0.378048780487805,0.621951219512195
"44229",0.139344262295082,0.860655737704918
"44230",0.219469026548673,0.780530973451327
"44231",0.0871021775544389,0.912897822445561
"44232",0.0610236220472441,0.938976377952756
"44234",0.333333333333333,0.666666666666667
"44235",0.198364008179959,0.801635991820041
"44236",0.0678233438485804,0.93217665615142
"44237",0.223229461756374,0.776770538243626
"44238",0.367943548387097,0.632056451612903
"44239",NA,NA
"44240",0.0819155639571519,0.918084436042848
"44241",0.138455827765405,0.861544172234595
"44243",0.0414012738853503,0.95859872611465
"44244",0.196796338672769,0.803203661327231
"44245",0.203152364273205,0.796847635726795
"44246",0.517079285490442,0.482920714509558
"44247",0.0667129951355108,0.933287004864489
"44249",0.546116504854369,0.453883495145631
"44250",0.537037037037037,0.462962962962963
"44251",0.280963302752294,0.719036697247706
"44252",0.0294736842105263,0.970526315789474
"44256",0.0637860082304527,0.936213991769547
"44257",0.444711538461538,0.555288461538462
"44258",NA,NA
"44260",0.0948012232415902,0.90519877675841
"44261",0.270817120622568,0.729182879377432
"44262",0.239234449760766,0.760765550239234
"44263",0.268671193016489,0.731328806983511
"44264",0.220588235294118,0.779411764705882
"44265",0.376693766937669,0.623306233062331
"44266",0.219152854511971,0.780847145488029
"44267",0.281277728482697,0.718722271517303
"44268",0.38,0.62
"50001",0.156431054461182,0.843568945538818
"50002",0.407847800237812,0.592152199762188
"50003",0.327239488117002,0.672760511882998
"50004",0.419557041370664,0.580442958629336
"50005",0.338479130931961,0.661520869068039
"50006",0.215966921119593,0.784033078880407
"50007",0.0326678765880218,0.967332123411978
"50008",0.690077877127199,0.309922122872801
"50009",0.0214168039538715,0.978583196046129
"50010",0.147196261682243,0.852803738317757
"50011",0.255639097744361,0.744360902255639
"50012",0.16385911179173,0.836140888208269
"50013",0.239795918367347,0.760204081632653
"50014",0.226449275362319,0.773550724637681
"50015",0.383333333333333,0.616666666666667
"50016",0.186746987951807,0.813253012048193
"50017",0.520565552699229,0.479434447300771
"50018",0.50226586102719,0.49773413897281
"50019",0.206827309236948,0.793172690763052
"50020",0.323771961276443,0.676228038723557
"50021",0.0709219858156028,0.929078014184397
"50022",0.100983358547655,0.899016641452345
"50023",0.470414201183432,0.529585798816568
"50024",0.572866344605475,0.427133655394525
"50025",0.248709122203098,0.751290877796902
"50026",0.752136752136752,0.247863247863248
"50027",0.173259889834752,0.826740110165248
"50028",NA,NA
"50029",0.43694643610291,0.56305356389709
"50030",0.277811923786109,0.722188076213891
"50031",0.400355082112739,0.599644917887261
"50032",0.150832517140059,0.849167482859941
"50033",0.293010752688172,0.706989247311828
"50034",0.650817236255572,0.349182763744428
"50035",0.116906474820144,0.883093525179856
"50036",0.404580152671756,0.595419847328244
"50037",0.0318906605922551,0.968109339407745
"50038",0.635085892764185,0.364914107235815
"50039",0.112220004435573,0.887779995564427
"50040",0.288461538461538,0.711538461538462
"50041",0.556603773584906,0.443396226415094
"50042",0.123287671232877,0.876712328767123
"50043",0.75133214920071,0.24866785079929
"50044",0.350640593391773,0.649359406608227
"50045",0.358069748580698,0.641930251419302
"50046",0.207335329341317,0.792664670658683
"50047",0.202453987730061,0.797546012269939
"50048",0.0565371024734982,0.943462897526502
"50050",0.363723608445297,0.636276391554703
"50051",0.341849148418492,0.658150851581509
"50052",0.140039447731755,0.859960552268245
"50053",0.332408435072142,0.667591564927858
"50054",0.0485436893203883,0.951456310679612
"50055",0.272424557752341,0.727575442247659
"50056",0.301986754966887,0.698013245033113
"50057",0.269727891156463,0.730272108843537
"50058",0.282795698924731,0.717204301075269
"50059",0.603008502289078,0.396991497710922
"50060",0.408071748878924,0.591928251121076
"50061",0.265793528505393,0.734206471494607
"50062",0.659604519774011,0.340395480225989
"50063",0.156123822341857,0.843876177658143
"50064",0.385008517887564,0.614991482112436
"50065",0.27521613832853,0.72478386167147
"50066",0.0984042553191489,0.901595744680851
"50067",0.210972508174882,0.789027491825118
"50068",0.272129186602871,0.727870813397129
"50069",0.029110936270653,0.970889063729347
"50070",0.00260756192959583,0.997392438070404
"50071",0.176165803108808,0.823834196891192
"50072",0.321407963069821,0.678592036930179
"50073",0.198286937901499,0.801713062098501
"50074",0.350293284123113,0.649706715876887
"50075",0.078125,0.921875
"50076",0.394117647058824,0.605882352941176
"50077",0.4375,0.5625
"50078",0.310979618671926,0.689020381328074
"50079",0.0729760547320411,0.927023945267959
"50080",0.0598290598290598,0.94017094017094
"50081",0.388854296388543,0.611145703611457
"50082",0.526315789473684,0.473684210526316
"50083",0.24822695035461,0.75177304964539
"50084",0.213665943600868,0.786334056399132
"50085",0.0369822485207101,0.96301775147929
"50086",0.790486976217441,0.209513023782559
"50087",0.196850393700787,0.803149606299213
"50088",0.117809734513274,0.882190265486726
"50089",0.349731663685152,0.650268336314848
"50090",0.0893655049151028,0.910634495084897
"50091",0.149812734082397,0.850187265917603
"50092",0.291933418693982,0.708066581306018
"50093",0.181818181818182,0.818181818181818
"50094",0.368207969316003,0.631792030683997
"50095",0.434338710934456,0.565661289065544
"50096",0.267105263157895,0.732894736842105
"50098",0.0970042796005706,0.902995720399429
"50099",0.659392575928009,0.340607424071991
"50100",0.487581699346405,0.512418300653595
"50101",0.529908972691808,0.470091027308192
"50102",0.351752677702045,0.648247322297955
"50104",0.196956889264582,0.803043110735418
"50105",0.407020164301718,0.592979835698282
"50106",0.251741293532338,0.748258706467662
"50107",0.55688622754491,0.44311377245509
"50108",0.325892857142857,0.674107142857143
"50109",0.339901477832512,0.660098522167488
"50110",NA,NA
"50111",0.152147239263804,0.847852760736196
"50113",0.36219739292365,0.63780260707635
"50114",0.343343343343343,0.656656656656657
"50115",0.264907383912713,0.735092616087287
"50116",0.234375,0.765625
"50117",0.0283018867924528,0.971698113207547
"50118",0.342755086193508,0.657244913806492
"50119",0.413074105381798,0.586925894618202
"50120",0.0209471766848816,0.979052823315118
"50121",0.246812386156648,0.753187613843352
"50122",0.0593849416755037,0.940615058324496
"50123",0.248248248248248,0.751751751751752
"50124",0.120345744680851,0.879654255319149
"50125",0.132260321903429,0.867739678096571
"50126",0.183793738489871,0.816206261510129
"50128",NA,NA
"50129",0.0478723404255319,0.952127659574468
"50130",0.579409918392969,0.420590081607031
"50131",0.276381909547739,0.723618090452261
"50132",0.638655462184874,0.361344537815126
"50133",0.108108108108108,0.891891891891892
"50134",0.330708661417323,0.669291338582677
"50135",0.340616966580977,0.659383033419023
"50136",0.202247191011236,0.797752808988764
"50137",0.370959194488606,0.629040805511394
"50138",NA,NA
"50139",0.27403156384505,0.72596843615495
"50140",0.18931475029036,0.81068524970964
"50141",0.259557344064386,0.740442655935614
"50142",0.149840595111583,0.850159404888417
"50143",0.160814911140009,0.839185088859991
"50144",0.114973262032086,0.885026737967914
"50146",NA,NA
"50147",0.454433117083719,0.545566882916281
"50148",0.340650406504065,0.659349593495935
"50149",0.0957746478873239,0.904225352112676
"50150",0.418932874354561,0.581067125645439
"50151",NA,NA
"50152",0.214133143467426,0.785866856532574
"50153",0.376114081996435,0.623885918003565
"50154",0.0876712328767123,0.912328767123288
"50155",0.364089775561097,0.635910224438903
"50156",0.269230769230769,0.730769230769231
"50157",0.106312292358804,0.893687707641196
"50159",0.283292978208232,0.716707021791768
"50160",0.387583572110793,0.612416427889207
"50161",0.454121306376361,0.545878693623639
"50162",0.157731157731158,0.842268842268842
"50163",0.807692307692308,0.192307692307692
"50164",0.493778280542986,0.506221719457014
"50165",0.79940363242071,0.20059636757929
"50166",0.224215246636771,0.775784753363229
"50167",0.388419782870929,0.611580217129071
"50168",0.178743961352657,0.821256038647343
"50169",0.310828877005348,0.689171122994652
"50170",0.353891336270191,0.646108663729809
"50171",0.218600191754554,0.781399808245446
"50172",0.126543209876543,0.873456790123457
"50173",NA,NA
"50174",0.270748299319728,0.729251700680272
"50175",0.272074815137016,0.727925184862984
"50176",0.341433778857837,0.658566221142163
"50177",0.415400733368256,0.584599266631744
"50178",0.0833970925784239,0.916602907421576
"50179",0.29372197309417,0.70627802690583
"50180",0.417362270450751,0.582637729549249
"50181",0.410629921259843,0.589370078740157
"50182",0.0487938596491228,0.951206140350877
"50183",0.106598984771574,0.893401015228426
"50184",0.0216216216216216,0.978378378378378
"50185",0.315068493150685,0.684931506849315
"50186",0.0738569753810082,0.926143024618992
"50187",0.122641509433962,0.877358490566038
"50188",0.144736842105263,0.855263157894737
"50189",0.420500403551251,0.579499596448749
"50190",0.239499553172475,0.760500446827525
"50191",0.436163318211277,0.563836681788723
"50192",0.298898071625344,0.701101928374656
"50193",NA,NA
"50194",NA,NA
"50195",0.232269503546099,0.767730496453901
"50196",0.339366515837104,0.660633484162896
"50197",0.454367026496565,0.545632973503435
"50198",0.222222222222222,0.777777777777778
"50199",0.541496598639456,0.458503401360544
"50200",0.0448671931083991,0.955132806891601
"50201",0.599690880989181,0.400309119010819
"50202",0.117460317460317,0.882539682539683
"50203",0.338790931989924,0.661209068010076
"50204",0.464872262773723,0.535127737226277
"50205",0.236476043276662,0.763523956723339
"50206",0.131165919282511,0.868834080717489
"50207",0.451669595782074,0.548330404217926
"50208",0.392069254398213,0.607930745601787
"50209",0.392592592592593,0.607407407407407
"50210",NA,NA
"50211",0.315013404825737,0.684986595174263
"50212",0.452054794520548,0.547945205479452
"50213",0.137326515704894,0.862673484295106
"50214",0.370892018779343,0.629107981220657
"50215",0.185828877005348,0.814171122994652
"50216",0.504009163802978,0.495990836197022
"50217",NA,NA
"50218",0.143646408839779,0.856353591160221
"50219",0.271041369472183,0.728958630527817
"50220",0.479452054794521,0.520547945205479
"50221",0.327380952380952,0.672619047619048
"50222",0.20591669910471,0.79408330089529
"50223",0.194039959363359,0.805960040636641
"50224",0.0417754569190601,0.95822454308094
"50225",0.597916110072135,0.402083889927865
"50227",0.181102362204724,0.818897637795276
"50228",0.326923076923077,0.673076923076923
"50229",0.0668449197860963,0.933155080213904
"50230",0.370496592015579,0.629503407984421
"50231",0.409558823529412,0.590441176470588
"50232",0.220218931101095,0.779781068898905
"50233",0.124137931034483,0.875862068965517
"50234",NA,NA
"50235",0.0382830626450116,0.961716937354988
"50236",0.18019801980198,0.81980198019802
"50237",0.167910447761194,0.832089552238806
"50238",NA,NA
"50239",NA,NA
"50240",0.650598710469757,0.349401289530243
"50241",0.239276139410188,0.760723860589812
"50242",0.0476900149031297,0.95230998509687
"50243",0.173825164224356,0.826174835775644
"50244",0.291403286978508,0.708596713021492
"50245",0.340971585701192,0.659028414298808
"50246",0.142398286937901,0.857601713062099
"50247",0.31058495821727,0.68941504178273
"50248",0.295936223993778,0.704063776006222
"50249",0.194379391100703,0.805620608899297
"50250",0.2265625,0.7734375
"50251",0.335024684585847,0.664975315414152
"50252",0.20114440117619,0.79885559882381
"50253",0.243617021276596,0.756382978723404
"50254",0.299897645854657,0.700102354145343
"50255",0.831254585473221,0.168745414526779
"50256",0.0569948186528497,0.94300518134715
"50257",0.362715298885512,0.637284701114488
"50258",0.0807174887892377,0.919282511210762
"50259",0.538116591928251,0.461883408071749
"50260",0.344316309719934,0.655683690280066
"50261",0.392302498311951,0.607697501688049
"50262",0.419228619340414,0.580771380659586
"50263",0.448920265780731,0.551079734219269
"50264",0.392561983471074,0.607438016528926
"50265",0.431330472103004,0.568669527896996
"50266",0.160896130346232,0.839103869653768
"50267",0.665747126436782,0.334252873563218
"50268",0.292504570383912,0.707495429616088
"50269",0.291909385113269,0.708090614886731
"50270",0.135487880671224,0.864512119328776
"50272",0.521867612293144,0.478132387706856
"50273",NA,NA
"50274",0.0493273542600897,0.95067264573991
"50275",0.104683195592287,0.895316804407714
"50276",0.40668202764977,0.59331797235023
"50277",0.0984009840098401,0.90159901599016
"50278",0.380640465793304,0.619359534206696
"50279",0.536819637139808,0.463180362860192
"50280",0.252269779507134,0.747730220492866
"50281",NA,NA
"50282",0.0099009900990099,0.99009900990099
"50283",NA,NA
"50284",0.303258145363409,0.696741854636591
"50285",0.262363788767812,0.737636211232188
"50286",0.748520710059172,0.251479289940828
"50287",0.2195,0.7805
"50288",0.447981807845367,0.552018192154633
"50289",0.213953488372093,0.786046511627907
"50290",0.30800160836349,0.69199839163651
"50291",0.0862214708368555,0.913778529163145
"50292",0.464208242950108,0.535791757049892
"50293",0.570507655116841,0.429492344883159
"50295",0.290215588723051,0.709784411276949
"50296",0.74,0.26
"50297",0.490891181757738,0.509108818242262
"50298",0.380759902991108,0.619240097008892
"50901",0.271893626776708,0.728106373223292
"8001",0.698000030517578,0.301999969482422
"8002",0.415999984741211,0.584000015258789
"8003",0.54,0.46
"8004",0.452999992370605,0.547000007629394
"8005",0.49,0.51
"8006",0.305,0.695
"8007",0.57,0.43
"8008",0.227999992370605,0.771999969482422
"8009",0.354000015258789,0.645999984741211
"8010",0.540999984741211,0.459000015258789
"8011",0.457000007629394,0.542999992370605
"8012",0.395999984741211,0.604000015258789
"8013",0.685,0.315
"8014",NA,NA
"8015",0.661999969482422,0.338000030517578
"8016",0.502999992370605,0.497000007629395
"8017",0.415,0.585
"8018",0.574000015258789,0.425999984741211
"8019",0.626599998474121,0.373400001525879
"8020",0.387000007629395,0.612999992370605
"8021",0.502999992370605,0.497000007629395
"8022",0.525628481045943,0.474371518954058
"8023",0.233999996185303,0.765999984741211
"8024",0.407000007629395,0.592999992370606
"8025",0.584000015258789,0.415999984741211
"8026",0.185,0.815
"8027",0.589000015258789,0.410999984741211
"8028",0.678000030517578,0.321999969482422
"8029",0.465999984741211,0.534000015258789
"8030",0.557999992370605,0.442000007629395
"8031",0.352000007629395,0.648000030517578
"8032",0.35,0.65
"8033",0.555999984741211,0.444000015258789
"8034",0.288999996185303,0.710999984741211
"8035",0.409000015258789,0.590999984741211
"8036",0.08,0.92
"8037",0.405,0.595
"8038",0.635999984741211,0.364000015258789
"8039",0.344000015258789,0.655999984741211
"8040",0.492999992370605,0.507000007629395
"8041",0.415,0.585
"8042",0.131000003814697,0.869000015258789
"8043",0.544000015258789,0.455999984741211
"8044",0.529000015258789,0.470999984741211
"8045",0.637000007629395,0.362999992370606
"8046",0.455999984741211,0.544000015258789
"8047",0.547999992370605,0.452000007629395
"8048",0.505999984741211,0.494000015258789
"8049",0.484000015258789,0.515999984741211
"8050",0.467999992370605,0.532000007629394
"8051",0.654000015258789,0.345999984741211
"8052",0.475,0.525
"8053",0.683000030517578,0.316999969482422
"8054",0.728000030517578,0.271999969482422
"8055",0.143000001907349,0.856999969482422
"8056",0.654000015258789,0.345999984741211
"8057",0.447000007629395,0.552999992370605
"8058",0.853000030517578,0.146999969482422
"8059",0.710999984741211,0.289000015258789
"8060",0.26,0.74
"8061",0.51,0.49
"8062",0.537999992370605,0.462000007629395
"8063",0.407999992370605,0.592000007629395
"8064",0.215,0.785
"8065",0.615,0.385
"8066",0.771999969482422,0.228000030517578
"8067",0.457999992370605,0.542000007629394
"8068",0.661999969482422,0.338000030517578
"8069",0.5,0.5
"8070",0.207000007629395,0.793000030517578
"8071",0.577999992370606,0.422000007629395
"8072",0.489000015258789,0.510999984741211
"8073",0.669000015258789,0.330999984741211
"8074",0.673000030517578,0.326999969482422
"8075",0.311000003814697,0.689000015258789
"8076",0.535,0.465
"8077",0.640999984741211,0.359000015258789
"8078",0.462999992370605,0.537000007629394
"8079",0.206000003814697,0.794000015258789
"8080",0.637999992370605,0.362000007629395
"8081",0.221000003814697,0.779000015258789
"8082",0.432999992370605,0.567000007629395
"8083",0.678000030517578,0.321999969482422
"8084",0.567999992370605,0.432000007629395
"8085",0.664000015258789,0.335999984741211
"8086",0.427999992370605,0.572000007629395
"8087",0.265,0.735
"8088",0.42,0.58
"8089",0.655999984741211,0.344000015258789
"8090",0.502000007629395,0.497999992370605
"8091",0.545999984741211,0.454000015258789
"8092",0.509000015258789,0.490999984741211
"8093",0.29,0.71
"8094",0.524000015258789,0.475999984741211
"8095",0.272000007629395,0.728000030517578
"8096",0.665,0.335
"8097",0.658000030517578,0.341999969482422
"8098",0.577000007629395,0.422999992370605
"8099",0.49819201171875,0.50180798828125
"8100",0.292999992370605,0.706999969482422
"8101",0.770999984741211,0.229000015258789
"8102",0.540999984741211,0.459000015258789
"8103",0.575,0.425
"8104",0.58,0.42
"8105",0.698000030517578,0.301999969482422
"8106",0.497999992370605,0.502000007629395
"8107",0.602999992370605,0.397000007629395
"8108",0.615999984741211,0.384000015258789
"8109",0.710999984741211,0.289000015258789
"8110",0.614000015258789,0.385999984741211
"8111",0.203999996185303,0.795999984741211
"8112",0.622999992370605,0.377000007629395
"8113",0.582000007629395,0.417999992370605
"8114",0.537000007629394,0.462999992370605
"8115",0.646999969482422,0.353000030517578
"8116",0.507000007629395,0.492999992370605
"8117",0.432999992370605,0.567000007629395
"8118",0.565999984741211,0.434000015258789
"8119",0.661999969482422,0.338000030517578
"8120",0.522999992370605,0.477000007629395
"8121",0.58,0.42
"8122",0.794000015258789,0.205999984741211
"8123",0.789000015258789,0.210999984741211
"8124",0.637999992370605,0.362000007629395
"8125",0.680999984741211,0.319000015258789
"8126",0.597054193838085,0.402945806161915
"8127",0.575,0.425
"8129",0.04,0.96
"8130",0.504000015258789,0.495999984741211
"8132",0.167000007629395,0.833000030517578
"8133",0.410999984741211,0.589000015258789
"8134",0.193999996185303,0.805999984741211
"8135",0.429000015258789,0.570999984741211
"8136",0.382048327554792,0.617951672445208
"8137",0.562999992370605,0.437000007629395
"8138",0.377000007629395,0.622999992370605
"8139",0.282999992370605,0.716999969482422
"8140",0.74,0.26
"8141",0.472000007629395,0.527999992370605
"8142",0.42,0.58
"8143",0.715,0.285
"8144",0.69,0.31
"8145",0.775,0.225
"8146",0.542999992370605,0.457000007629395
"8147",0.620999984741211,0.379000015258789
"8148",0.255,0.745
"8149",0.525999984741211,0.474000015258789
"8150",0.625,0.375
"8151",0.53,0.47
"8152",0.522999992370605,0.477000007629395
"8153",0.339000015258789,0.660999984741211
"8154",0.794000015258789,0.205999984741211
"8155",0.547000007629394,0.452999992370605
"8156",0.46,0.54
"8157",0.42,0.58
"8158",0.605,0.395
"8159",0.354000015258789,0.645999984741211
"8160",0.590999984741211,0.409000015258789
"8161",0.650999984741211,0.349000015258789
"8162",0.62,0.38
"8163",0.6,0.4
"8164",0.643000030517578,0.356999969482422
"8165",0.64,0.36
"8166",0.459000015258789,0.540999984741211
"8167",0.534000015258789,0.465999984741211
"8168",0.492000007629395,0.507999992370605
"8169",0.604000015258789,0.395999984741211
"8170",0.277999992370605,0.721999969482422
"8171",0.382000007629395,0.617999992370605
"8172",0.577999992370606,0.422000007629395
"8174",0.64,0.36
"8175",0.612999992370605,0.387000007629395
"8176",0.38,0.62
"8177",0.355999984741211,0.644000015258789
"8178",0.627000007629395,0.372999992370605
"8179",0.311000003814697,0.689000015258789
"8180",0.537999992370605,0.462000007629395
"8181",0.342000007629395,0.658000030517578
"8182",0.622000007629395,0.377999992370605
"8183",0.699000015258789,0.300999984741211
"8184",0.59,0.41
"8185",0.417999992370605,0.582000007629395
"8187",0.640999984741211,0.359000015258789
"8188",NA,NA
"8189",NA,NA
"8190",0.186000003814697,0.814000015258789
"8191",0.639000015258789,0.360999984741211
"8192",0.497000007629395,0.502999992370605
"8193",0.252999992370605,0.746999969482422
"8194",0.741999969482422,0.258000030517578
"8195",0.12,0.88
"8196",0.342000007629395,0.658000030517578
"8197",0.324000015258789,0.675999984741211
"8198",0.419000015258789,0.580999984741211
"8199",0.228999996185303,0.770999984741211
"8200",0.572000007629395,0.427999992370605
"8201",0.656999969482422,0.343000030517578
"8202",0.293999996185303,0.705999984741211
"8203",0.208999996185303,0.790999984741211
"8204",0.464000015258789,0.535999984741211
"8205",0.585,0.415
"8206",0.51,0.49
"8207",0.312999992370605,0.686999969482422
"8208",0.467000007629395,0.532999992370605
"8210",0.482999992370605,0.517000007629395
"8211",0.706999969482422,0.293000030517578
"8212",0.445999984741211,0.554000015258789
"8213",0.64,0.36
"8214",0.579000015258789,0.420999984741211
"8215",0.582999992370606,0.417000007629395
"8216",0.627000007629395,0.372999992370605
"8217",0.569000015258789,0.430999984741211
"8218",0.691999969482422,0.308000030517578
"8219",0.495999984741211,0.504000015258789
"8220",0.384128170971629,0.615871826425383
"8221",0.703000030517578,0.296999969482422
"8222",0.804000015258789,0.195999984741211
"8223",0.437000007629395,0.562999992370605
"8224",0.395999984741211,0.604000015258789
"8225",0.532999992370605,0.467000007629395
"8226",0.497000007629395,0.502999992370605
"8227",0.760999984741211,0.239000015258789
"8228",0.392999992370605,0.607000007629395
"8229",0.305,0.695
"8230",0.497000007629395,0.502999992370605
"8231",0.445999984741211,0.554000015258789
"8232",0.555,0.445
"8233",0.472999992370606,0.527000007629395
"8234",0.417999992370605,0.582000007629395
"8235",0.372999992370605,0.627000007629395
"8236",0.74,0.26
"8237",0.698000030517578,0.301999969482422
"8238",0.165,0.835
"8239",0.804000015258789,0.195999984741211
"8240",0.570999984741211,0.429000015258789
"8241",0.666999969482422,0.333000030517578
"8242",0.529000015258789,0.470999984741211
"8243",0.382000007629395,0.617999992370605
"8244",0.690999984741211,0.309000015258789
"8245",0.758000030517578,0.241999969482422
"8246",0.2,0.8
"8247",0.0559999990463257,0.944000015258789
"8248",0.399000015258789,0.600999984741211
"8249",0.696999969482422,0.303000030517578
"8250",0.527999992370605,0.472000007629395
"8251",0.605,0.395
"8252",0.913000030517578,0.0869999694824219
"8253",0.492999992370605,0.507000007629395
"8254",0.4,0.6
"8255",0.469000015258789,0.530999984741211
"8256",0.605999984741211,0.394000015258789
"8257",0.572999992370606,0.427000007629395
"8258",0.188999996185303,0.810999984741211
"8259",0.34,0.66
"8260",0.665999984741211,0.334000015258789
"8261",0.380999984741211,0.619000015258789
"8262",0.622000007629395,0.377999992370605
"8263",0.645999984741211,0.354000015258789
"8264",0.347000007629395,0.653000030517578
"8265",0.690999984741211,0.309000015258789
"8266",0.646999969482422,0.353000030517578
"8267",0.79,0.21
"8268",0.809868970535034,0.190131029464966
"8269",0.369000015258789,0.630999984741211
"8270",0.517999992370605,0.482000007629395
"8271",0.165,0.835
"8272",0.622000007629395,0.377999992370605
"8273",0.690999984741211,0.309000015258789
"8274",0.735,0.265
"8275",0.5,0.5
"8276",NA,NA
"8277",0.355,0.645
"8278",0.377000007629395,0.622999992370605
"8279",0.625999984741211,0.374000015258789
"8280",0.153999996185303,0.845999984741211
"8281",0.495999984741211,0.504000015258789
"8283",0.288999996185303,0.710999984741211
"8284",0.587000007629395,0.412999992370605
"8285",0.653000030517578,0.346999969482422
"8286",0.447000007629395,0.552999992370605
"8287",0.574000015258789,0.425999984741211
"8288",0.567999992370605,0.432000007629395
"8289",0.322999992370605,0.676999969482422
"8290",0.61,0.39
"8291",0.44,0.56
"8292",0.387999992370605,0.612000007629395
"8293",0.419000015258789,0.580999984741211
"8294",0.49,0.51
"8295",0.61,0.39
"8297",0.517999992370605,0.482000007629395
"8298",0.362000007629395,0.637999992370605
"8299",0.276000003814697,0.724000015258789
"8300",0.617999992370605,0.382000007629395
"8301",0.597000007629395,0.402999992370605
"8302",0.731999969482422,0.268000030517578
"8303",0.424000015258789,0.575999984741211
"8304",0.695999984741211,0.304000015258789
"8305",0.49,0.51
"8306",0.243999996185303,0.755999984741211
"8307",0.684000015258789,0.315999984741211
"8308",0.116000003814697,0.884000015258789
"8901",0.503507933411198,0.49649205110511
"17001",0.713000030517578,0.286999969482422
"17002",0.205,0.795
"17003",0.686097633316672,0.313902366683328
"17004",0.552000007629394,0.447999992370605
"17005",0.746999969482422,0.253000030517578
"17006",0.791999969482422,0.208000030517578
"17007",0.465,0.535
"17008",0.632999992370605,0.367000007629395
"17009",0.470999984741211,0.529000015258789
"17010",0.610999984741211,0.389000015258789
"17011",0.716999969482422,0.283000030517578
"17012",0.720999984741211,0.279000015258789
"17013",0.542999992370606,0.457000007629395
"17014",0.916999969482422,0.0830000305175781
"17015",0.549000015258789,0.450999984741211
"17016",0.542000007629394,0.457999992370605
"17018",0.395999984741211,0.604000015258789
"17019",0.410999984741211,0.589000015258789
"17020",0.609000015258789,0.390999984741211
"17021",0.497000007629395,0.502999992370605
"17022",0.618442307483812,0.381557692516188
"17023",0.5,0.5
"17024",0.494000015258789,0.505999984741211
"17025",0.397000007629395,0.602999992370605
"17026",0.564000015258789,0.435999984741211
"17027",0.472999992370605,0.527000007629394
"17028",0.255,0.745
"17029",0.666999969482422,0.333000030517578
"17030",0.537999992370605,0.462000007629395
"17031",0.637999992370606,0.362000007629395
"17032",0.783000030517578,0.216999969482422
"17033",0.487999992370605,0.512000007629395
"17034",0.8,0.2
"17035",0.522000007629395,0.477999992370605
"17036",0.627000007629395,0.372999992370605
"17037",0.350999984741211,0.649000015258789
"17038",0.671999969482422,0.328000030517578
"17039",0.668507616556235,0.331492383443765
"17040",0.385,0.615
"17041",0.57,0.43
"17042",0.706999969482422,0.293000030517578
"17043",0.537999992370605,0.462000007629395
"17044",0.545999984741211,0.454000015258789
"17046",0.572000007629395,0.427999992370605
"17047",0.48,0.52
"17048",0.704000015258789,0.295999984741211
"17049",0.705999984741211,0.294000015258789
"17050",0.56,0.44
"17051",0.41,0.59
"17052",0.617999992370605,0.382000007629395
"17055",0.417000007629395,0.582999992370606
"17056",0.443160854306428,0.556839145693572
"17057",0.668094069860572,0.331905930139428
"17058",0.412999992370605,0.587000007629395
"17060",0.445,0.555
"17061",0.402000007629395,0.597999992370605
"17062",0.778000030517578,0.221999969482422
"17063",0.35,0.65
"17064",0.457000007629395,0.542999992370605
"17065",0.33,0.67
"17066",0.648693231722204,0.351306768277796
"17067",0.422000007629395,0.577999992370606
"17068",0.357999992370606,0.641999969482422
"17069",0.698815520203229,0.301184479796771
"17070",0.420999984741211,0.579000015258789
"17071",0.555999984741211,0.444000015258789
"17073",0.665999984741211,0.334000015258789
"17074",0.6,0.4
"17075",0.500999984741211,0.499000015258789
"17076",0.602999992370605,0.397000007629395
"17077",0.658000030517578,0.341999969482422
"17078",0.587999992370606,0.412000007629395
"17079",0.541125998911144,0.458874001088856
"17080",0.0630000019073486,0.936999969482422
"17081",0.502999992370605,0.497000007629395
"17082",0.3,0.7
"17083",0.390999984741211,0.609000015258789
"17084",0.499000015258789,0.500999984741211
"17085",0.693000030517578,0.306999969482422
"17086",0.798000030517578,0.201999969482422
"17087",0.407999992370605,0.592000007629395
"17088",0.607999992370605,0.392000007629395
"17089",0.675,0.325
"17090",0.0669999980926514,0.933000030517578
"17091",0.805,0.195
"17092",0.815999984741211,0.184000015258789
"17093",0.65,0.35
"17094",0.65,0.35
"17095",0.477000007629395,0.522999992370605
"17096",0.84824069590941,0.15175930409059
"17097",0.347000007629395,0.653000030517578
"17098",0.658795916498924,0.341204083501076
"17099",0.522999992370605,0.477000007629395
"17100",0.811999969482422,0.188000030517578
"17101",0.625999984741211,0.374000015258789
"17102",0.512000007629395,0.487999992370605
"17103",0.457000007629395,0.542999992370605
"17105",0.153000001907349,0.846999969482422
"17106",0.654000015258789,0.345999984741211
"17107",NA,NA
"17109",0.619412507237111,0.380587492762889
"17110",0.765,0.235
"17111",0.523475139349648,0.476524860650352
"17112",0.729000015258789,0.270999984741211
"17114",0.561870075954937,0.438129924045063
"17115",0.527999992370605,0.472000007629395
"17116",0.377000007629395,0.622999992370605
"17117",0.607000007629395,0.392999992370605
"17118",0.773271101959069,0.226728898040931
"17119",0.332999992370605,0.666999969482422
"17120",0.693000030517578,0.306999969482422
"17121",0.367000007629395,0.632999992370605
"17123",0.4,0.6
"17124",0.761999969482422,0.238000030517578
"17125",0.367000007629395,0.632999992370605
"17126",0.276000003814697,0.724000015258789
"17128",0.562000007629395,0.437999992370605
"17130",0.355999984741211,0.644000015258789
"17132",0.384781467614584,0.615218532385416
"17133",0.641999969482422,0.358000030517578
"17134",0.68,0.32
"17135",0.743000030517578,0.256999969482422
"17136",0.437999992370605,0.562000007629395
"17137",0.550999984741211,0.449000015258789
"17138",0.828000030517578,0.171999969482422
"17139",0.457000007629395,0.542999992370605
"17140",0.703000030517578,0.296999969482422
"17141",0.571251954471364,0.428748045528636
"17142",0.437000007629395,0.562999992370605
"17143",0.736999969482422,0.263000030517578
"17144",0.739000015258789,0.260999984741211
"17145",0.565,0.435
"17146",0.622000007629395,0.377999992370605
"17147",0.668406075113021,0.331593924886979
"17148",0.425,0.575
"17149",0.55,0.45
"17150",0.495999984741211,0.504000015258789
"17151",0.238999996185303,0.760999984741211
"17152",0.74,0.26
"17153",0.198999996185303,0.800999984741211
"17154",0.740999984741211,0.259000015258789
"17157",0.56,0.44
"17158",0.665,0.335
"17159",0.430999984741211,0.569000015258789
"17160",0.704000015258789,0.295999984741211
"17161",0.355,0.645
"17162",0.459000015258789,0.540999984741211
"17163",0.407999992370605,0.592000007629395
"17164",0.385,0.615
"17165",0.452999992370605,0.547000007629394
"17166",0.55,0.45
"17167",0.7,0.3
"17168",0.765999984741211,0.234000015258789
"17169",0.381581812771884,0.618418160178445
"17170",0.487999992370605,0.512000007629395
"17171",0.681999969482422,0.318000030517578
"17172",0.347000007629395,0.653000030517578
"17174",0.0889999961853027,0.910999984741211
"17175",0.744000015258789,0.255999984741211
"17176",0.327000007629395,0.673000030517578
"17177",0.804000015258789,0.195999984741211
"17178",0.755999984741211,0.244000015258789
"17180",0.554178013013289,0.445821986986711
"17181",0.595,0.405
"17182",0.713000030517578,0.286999969482422
"17183",0.384000015258789,0.615999984741211
"17184",0.281000003814697,0.719000015258789
"17185",0.609000015258789,0.390999984741211
"17187",0.529000015258789,0.470999984741211
"17188",0.590999984741211,0.409000015258789
"17189",0.399000015258789,0.600999984741211
"17190",0.534000015258789,0.465999984741211
"17191",0.28,0.72
"17192",0.669000015258789,0.330999984741211
"17193",0.372999992370605,0.627000007629395
"17194",0.545999984741211,0.454000015258789
"17195",0.442000007629395,0.557999992370605
"17196",0.539000015258789,0.460999984741211
"17197",0.484000015258789,0.515999984741211
"17198",0.585999984741211,0.414000015258789
"17199",0.607000007629395,0.392999992370605
"17200",0.641999969482422,0.358000030517578
"17201",0.784000015258789,0.215999984741211
"17202",0.809000015258789,0.190999984741211
"17203",0.29,0.71
"17204",0.637999992370605,0.362000007629395
"17205",0.497000007629395,0.502999992370605
"17206",0.969000015258789,0.0309999847412109
"17207",0.374448704943586,0.625551299033169
"17208",0.400264942951691,0.599735052320692
"17209",0.756999969482422,0.243000030517578
"17210",0.454000015258789,0.545999984741211
"17211",0.525999984741211,0.474000015258789
"17212",0.14,0.86
"17213",0.602999992370605,0.397000007629395
"17214",0.58,0.42
"17215",0.15,0.85
"17216",0.329000015258789,0.670999984741211
"17217",0.316000003814697,0.684000015258789
"17218",0.392000007629395,0.607999992370605
"17220",0.253999996185303,0.745999984741211
"17221",0.764000015258789,0.235999984741211
"17222",0.439000015258789,0.560999984741211
"17223",0.678000030517578,0.321999969482422
"17224",0.587000007629395,0.412999992370605
"17225",0.590999984741211,0.409000015258789
"17226",0.470999984741211,0.529000015258789
"17227",0.850999984741211,0.149000015258789
"17228",0.720999984741211,0.279000015258789
"17230",0.909000015258789,0.0909999847412109
"17232",0.412999992370605,0.587000007629395
"17233",0.455,0.545
"17234",0.542999992370605,0.457000007629395
"17901",0.587012207853272,0.412987792146728
"17902",0.642832619542661,0.357167380457339
"25001",0.689000015258789,0.310999984741211
"25002",0.472000007629395,0.527999992370605
"25003",0.528634139425386,0.471365857008027
"25004",0.864000015258789,0.135999984741211
"25005",0.699627086877823,0.300372913122177
"25006",0.585,0.415
"25007",0.748000030517578,0.251999969482422
"25008",0.660999984741211,0.339000015258789
"25009",0.562999992370605,0.437000007629394
"25010",0.547999992370605,0.452000007629395
"25011",0.814000015258789,0.185999984741211
"25012",0.706999969482422,0.293000030517578
"25013",0.580999984741211,0.419000015258789
"25014",0.547999992370605,0.452000007629395
"25015",0.714000015258789,0.285999984741211
"25016",0.755999984741211,0.244000015258789
"25017",0.820999984741211,0.179000015258789
"25019",0.617000007629395,0.382999992370605
"25020",0.723000030517578,0.276999969482422
"25021",0.56,0.44
"25022",0.725999984741211,0.274000015258789
"25023",0.592999992370606,0.407000007629395
"25024",0.681432665133801,0.318567334866199
"25025",0.58165230753972,0.41834769246028
"25027",0.447000007629395,0.552999992370605
"25029",0.57,0.43
"25030",0.658814810293692,0.341185189706308
"25031",0.673000030517578,0.326999969482422
"25032",0.307000007629395,0.693000030517578
"25033",0.710999984741211,0.289000015258789
"25034",0.572723514321794,0.427276485678206
"25035",0.385999984741211,0.614000015258789
"25036",0.810999984741211,0.189000015258789
"25037",0.492775017250964,0.507224982749036
"25038",0.510999984741211,0.489000015258789
"25039",0.23625123219915,0.76374876173416
"25040",0.577999992370606,0.422000007629395
"25041",0.68,0.32
"25042",0.480999984741211,0.519000015258789
"25043",0.446200241726212,0.553799758273788
"25044",0.202000007629395,0.798000030517578
"25045",0.695999984741211,0.304000015258789
"25046",0.535999984741211,0.464000015258789
"25047",0.544000015258789,0.455999984741211
"25048",0.789000015258789,0.210999984741211
"25049",0.537000007629394,0.462999992370605
"25050",0.547999992370605,0.452000007629395
"25051",0.740612309359122,0.259387690640878
"25052",0.595999984741211,0.404000015258789
"25053",0.442000007629395,0.557999992370605
"25055",0.191000003814697,0.809000015258789
"25056",0.322000007629395,0.678000030517578
"25057",0.776999969482422,0.223000030517578
"25058",0.635,0.365
"25059",0.735,0.265
"25060",0.325,0.675
"25061",0.258999996185303,0.740999984741211
"25062",0.660095399495564,0.339904600504436
"25063",0.542000007629394,0.457999992370605
"25064",0.065,0.935
"25067",0.482999992370605,0.517000007629395
"25068",0.362000007629395,0.637999992370605
"25069",0.547999992370605,0.452000007629394
"25070",0.469000015258789,0.530999984741211
"25071",0.695999984741211,0.304000015258789
"25072",0.374121733390138,0.625878268532447
"25073",0.567000007629395,0.432999992370605
"25074",0.635,0.365
"25075",0.173999996185303,0.825999984741211
"25076",0.542999992370605,0.457000007629395
"25077",0.447178524786395,0.552821478504116
"25078",0.497000007629395,0.502999992370605
"25079",0.472999992370605,0.527000007629395
"25081",0.410999984741211,0.589000015258789
"25082",0.257999992370605,0.741999969482422
"25085",0.252999992370605,0.746999969482422
"25086",0.74,0.26
"25087",0.567999992370605,0.432000007629395
"25088",0.542000007629394,0.457999992370606
"25089",0.592999992370606,0.407000007629395
"25092",0.17,0.83
"25093",0.457999992370605,0.542000007629394
"25094",0.602000007629395,0.397999992370605
"25096",0.599000015258789,0.400999984741211
"25097",0.46,0.54
"25098",0.575596566589093,0.424403433410906
"25099",0.82,0.18
"25100",0.594000015258789,0.405999984741211
"25101",0.584000015258789,0.415999984741211
"25102",0.855999984741211,0.144000015258789
"25103",0.334000015258789,0.665999984741211
"25104",0.5,0.5
"25105",0.465,0.535
"25109",0.315,0.685
"25110",0.429000015258789,0.570999984741211
"25111",0.669000015258789,0.330999984741211
"25112",0.435,0.565
"25113",0.484000015258789,0.515999984741211
"25114",0.297000007629395,0.703000030517578
"25115",0.728267337728974,0.271732662271026
"25118",0.372999992370605,0.627000007629395
"25119",0.550999984741211,0.449000015258789
"25120",0.635999984741211,0.364000015258789
"25121",0.670999984741211,0.329000015258789
"25122",0.535,0.465
"25123",0.3,0.7
"25124",0.340999984741211,0.659000015258789
"25125",0.417000007629395,0.582999992370606
"25126",0.840999984741211,0.159000015258789
"25127",0.59001217772321,0.40998782227679
"25128",0.497999992370605,0.502000007629395
"25129",0.397000007629395,0.602999992370605
"25130",0.327000007629395,0.673000030517578
"25131",0.879000015258789,0.120999984741211
"25132",0.427000007629395,0.572999992370606
"25133",0.718000030517578,0.281999969482422
"25134",0.450999984741211,0.549000015258789
"25135",0.425999984741211,0.574000015258789
"25136",0.0220000004768372,0.978000030517578
"25137",0.557000007629395,0.442999992370605
"25138",0.512999992370605,0.487000007629395
"25139",0.837040443199907,0.162959556800093
"25140",0.603790350690466,0.396209649309533
"25141",0.387000007629395,0.612999992370605
"25142",0.639000015258789,0.360999984741211
"25143",0.0939999961853027,0.905999984741211
"25145",0.545999984741211,0.454000015258789
"25146",0.0259999990463257,0.974000015258789
"25148",0.317000007629395,0.683000030517578
"25149",0.271000003814697,0.729000015258789
"25150",0.308999996185303,0.690999984741211
"25151",0.201000003814697,0.799000015258789
"25152",0.427000007629395,0.572999992370606
"25153",0.427000007629395,0.572999992370606
"25154",0.355,0.645
"25155",0.427000007629395,0.572999992370606
"25156",0.415,0.585
"25157",0.509000015258789,0.490999984741211
"25158",0.557000007629395,0.442999992370605
"25161",0.550586239629209,0.449413760370791
"25163",0.731999969482422,0.268000030517578
"25164",0.459000015258789,0.540999984741211
"25165",0.298999996185303,0.700999984741211
"25166",0.15,0.85
"25167",0.025,0.975
"25168",0.327000007629395,0.673000030517578
"25169",0.133000001907349,0.866999969482422
"25170",0.775999984741211,0.224000015258789
"25171",0.532999992370605,0.467000007629395
"25172",0.579269174323774,0.420730825676226
"25173",0.482742736454859,0.517257263545141
"25174",0.530999984741211,0.469000015258789
"25175",0.765999984741211,0.234000015258789
"25176",0.430999984741211,0.569000015258789
"25177",0.47,0.53
"25179",0.470999984741211,0.529000015258789
"25180",0.247999992370605,0.751999969482422
"25181",0.477999992370606,0.522000007629395
"25182",0.665,0.335
"25183",0.709722520199568,0.290277479800432
"25185",0.445356080991085,0.554643919008915
"25186",0.128999996185303,0.870999984741211
"25189",0.597999992370605,0.402000007629395
"25190",0.731999969482422,0.268000030517578
"25191",0.370999984741211,0.629000015258789
"25192",0.435999984741211,0.564000015258789
"25193",0.292000007629395,0.708000030517578
"25194",0.417997024264463,0.582002975735537
"25196",0.38,0.62
"25197",0.374000015258789,0.625999984741211
"25200",0.585999984741211,0.414000015258789
"25201",0.548306553207825,0.451693446792175
"25202",0.69,0.31
"25203",0.436757612724892,0.563242387275108
"25204",0.622999992370605,0.377000007629395
"25205",0.349000015258789,0.650999984741211
"25206",0.535999984741211,0.464000015258789
"25207",0.297999992370605,0.701999969482422
"25208",0.461956677436829,0.538043322563171
"25209",0.42610601488548,0.573893980979919
"25210",0.639000015258789,0.360999984741211
"25211",0.477999992370605,0.522000007629395
"25212",0.746999969482422,0.253000030517578
"25215",0.509000015258789,0.490999984741211
"25216",0.49,0.51
"25217",0.437218675882186,0.562781324117814
"25218",0.196000003814697,0.804000015258789
"25219",0.614000015258789,0.385999984741211
"25220",0.544000015258789,0.455999984741211
"25221",0.665999984741211,0.334000015258789
"25222",0.399000015258789,0.600999984741211
"25223",0.406077226430267,0.593922773569733
"25224",0.595999984741211,0.404000015258789
"25225",0.786999969482422,0.213000030517578
"25226",0.44,0.56
"25227",0.656071153919349,0.343928846080651
"25228",0.605999984741211,0.394000015258789
"25230",0.565,0.435
"25231",0.695999984741211,0.304000015258789
"25232",0.422000007629395,0.577999992370606
"25233",0.738000030517578,0.261999969482422
"25234",0.64691477822953,0.353085221770469
"25238",0.262472836879705,0.737527140838421
"25239",0.535521139458044,0.464478860541956
"25240",0.469000015258789,0.530999984741211
"25242",0.38,0.62
"25243",0.424542901785372,0.575457095954007
"25244",0.522999992370605,0.477000007629395
"25245",0.492000007629395,0.507999992370605
"25247",0.716999969482422,0.283000030517578
"25248",0.355999984741211,0.644000015258789
"25249",0.34,0.66
"25250",0.559000015258789,0.440999984741211
"25251",0.622000007629395,0.377999992370605
"25253",0.447000007629395,0.552999992370605
"25254",0.497999992370605,0.502000007629395
"25255",0.690999984741211,0.309000015258789
"25901",0.48029297336936,0.51970702663064
"25902",0.350964406362243,0.649035593637757
"25903",NA,NA
"25904",0.513701665691658,0.486298334308342
"25905",0.420570000512259,0.579429999487741
"25906",NA,NA
"25907",0.643058803782744,0.356941196217256
"25908",0.689453714049459,0.310546285950541
"25909",0.387045936180088,0.612954088891774
"25910",0.706000010841771,0.293999989158229
"25911",0.502124999364217,0.497875000635783
"43001",0.824000015258789,0.175999984741211
"43002",0.750999984741211,0.249000015258789
"43003",0.316000003814697,0.684000015258789
"43004",0.477999992370605,0.522000007629395
"43005",0.62,0.38
"43006",0.422999992370605,0.577000007629395
"43007",0.499000015258789,0.500999984741211
"43008",0.44,0.56
"43009",0.580999984741211,0.419000015258789
"43010",0.651999969482422,0.348000030517578
"43011",0.238999996185303,0.760999984741211
"43012",0.525,0.475
"43013",0.432999992370605,0.567000007629395
"43014",0.760999984741211,0.239000015258789
"43015",0.462999992370605,0.537000007629394
"43016",0.445,0.555
"43017",0.705,0.295
"43018",0.587000007629395,0.412999992370605
"43019",0.532000007629394,0.467999992370605
"43020",0.547000007629394,0.452999992370605
"43021",0.69,0.31
"43022",0.292000007629395,0.708000030517578
"43023",0.53,0.47
"43024",0.634000015258789,0.365999984741211
"43025",0.671999969482422,0.328000030517578
"43026",0.367000007629395,0.632999992370605
"43027",0.278999996185303,0.720999984741211
"43028",0.790999984741211,0.209000015258789
"43029",0.575999984741211,0.424000015258789
"43030",0.515,0.485
"43031",0.435,0.565
"43032",0.332000007629395,0.668000030517578
"43033",0.457000007629395,0.542999992370605
"43034",0.584000015258789,0.415999984741211
"43035",0.474000015258789,0.525999984741211
"43036",0.753000030517578,0.246999969482422
"43037",0.713000030517578,0.286999969482422
"43038",0.474000015258789,0.525999984741211
"43039",0.931999969482422,0.0680000305175781
"43040",0.395,0.605
"43041",0.572000007629395,0.427999992370605
"43042",0.278999996185303,0.720999984741211
"43043",0.645,0.355
"43044",0.597999992370605,0.402000007629395
"43045",0.49,0.51
"43046",0.570999984741211,0.429000015258789
"43047",0.535999984741211,0.464000015258789
"43048",0.47,0.53
"43049",0.617469855096142,0.382530144903858
"43050",0.564000015258789,0.435999984741211
"43051",0.720999984741211,0.279000015258789
"43052",0.898000030517578,0.101999969482422
"43053",0.55,0.45
"43054",0.512000007629395,0.487999992370605
"43055",0.430999984741211,0.569000015258789
"43056",0.235,0.765
"43057",0.425,0.575
"43058",0.482999992370606,0.517000007629395
"43059",0.435999984741211,0.564000015258789
"43060",0.479000015258789,0.520999984741211
"43061",0.450999984741211,0.549000015258789
"43062",0.602000007629395,0.397999992370605
"43063",0.397999992370605,0.602000007629395
"43064",0.414000015258789,0.585999984741211
"43065",0.584000015258789,0.415999984741211
"43066",0.607999992370605,0.392000007629395
"43067",0.380999984741211,0.619000015258789
"43068",0.497999992370605,0.502000007629395
"43069",0.698000030517578,0.301999969482422
"43070",0.395,0.605
"43071",0.425999984741211,0.574000015258789
"43072",0.439000015258789,0.560999984741211
"43073",0.233999996185303,0.765999984741211
"43074",0.666999969482422,0.333000030517578
"43075",0.275,0.725
"43076",0.460999984741211,0.539000015258789
"43077",0.525,0.475
"43078",0.467000007629395,0.532999992370605
"43079",0.530999984741211,0.469000015258789
"43080",0.372000007629395,0.627999992370605
"43081",0.167000007629395,0.833000030517578
"43082",0.580999984741211,0.419000015258789
"43083",0.537999992370605,0.462000007629395
"43084",0.637999992370605,0.362000007629395
"43085",0.405999984741211,0.594000015258789
"43086",0.581669236547879,0.418330763452121
"43088",0.385999984741211,0.614000015258789
"43089",0.367000007629395,0.632999992370605
"43090",0.559000015258789,0.440999984741211
"43091",0.602000007629395,0.397999992370605
"43092",0.385999984741211,0.614000015258789
"43093",0.659000015258789,0.340999984741211
"43094",0.679000015258789,0.320999984741211
"43095",0.604000015258789,0.395999984741211
"43096",0.464000015258789,0.535999984741211
"43097",0.364000015258789,0.635999984741211
"43098",0.656999969482422,0.343000030517578
"43099",0.537999992370605,0.462000007629394
"43100",0.32,0.68
"43101",0.547000007629394,0.452999992370605
"43102",0.645999984741211,0.354000015258789
"43103",0.49,0.51
"43105",0.447999992370605,0.552000007629394
"43106",0.527999992370605,0.472000007629395
"43107",0.625,0.375
"43108",0.534000015258789,0.465999984741211
"43109",0.477000007629395,0.522999992370605
"43110",0.665,0.335
"43111",0.577000007629395,0.422999992370605
"43112",0.73,0.27
"43113",0.552000007629394,0.447999992370605
"43114",0.577000007629395,0.422999992370605
"43115",0.671999969482422,0.328000030517578
"43116",0.66,0.34
"43117",0.355,0.645
"43118",0.76,0.24
"43119",0.444000015258789,0.555999984741211
"43120",0.387000007629395,0.612999992370605
"43121",0.640999984741211,0.359000015258789
"43122",0.2,0.8
"43123",0.686999969482422,0.313000030517578
"43124",0.660999984741211,0.339000015258789
"43125",0.53,0.47
"43126",0.312999992370605,0.686999969482422
"43127",0.769000015258789,0.230999984741211
"43128",0.60438034398127,0.39561965601873
"43129",0.349000015258789,0.650999984741211
"43130",0.452000007629395,0.547999992370605
"43131",0.539000015258789,0.460999984741211
"43132",0.650999984741211,0.349000015258789
"43133",0.522000007629395,0.477999992370605
"43134",0.595999984741211,0.404000015258789
"43135",0.385,0.615
"43136",0.716999969482422,0.283000030517578
"43137",0.785999984741211,0.214000015258789
"43138",0.352999992370605,0.646999969482422
"43139",0.455999984741211,0.544000015258789
"43140",0.614000015258789,0.385999984741211
"43141",0.539000015258789,0.460999984741211
"43142",0.469615254202289,0.530384745797711
"43143",0.405999984741211,0.594000015258789
"43144",0.430999984741211,0.569000015258789
"43145",0.47,0.53
"43146",0.357999992370605,0.641999969482422
"43147",0.492000007629395,0.507999992370605
"43148",0.608761792859884,0.391238207140116
"43149",0.382000007629395,0.617999992370605
"43150",0.517999992370605,0.482000007629395
"43151",0.61,0.39
"43152",0.665999984741211,0.334000015258789
"43153",0.680999984741211,0.319000015258789
"43154",0.560999984741211,0.439000015258789
"43155",0.632999992370605,0.367000007629395
"43156",0.437000007629395,0.562999992370605
"43157",0.489000015258789,0.510999984741211
"43158",0.58,0.42
"43159",0.32,0.68
"43160",0.627999992370605,0.372000007629395
"43161",0.614000015258789,0.385999984741211
"43162",0.74,0.26
"43163",0.638736675965006,0.361263324034994
"43164",0.680999984741211,0.319000015258789
"43165",0.302000007629395,0.698000030517578
"43166",0.582000007629395,0.417999992370605
"43167",0.567000007629395,0.432999992370605
"43168",0.311000003814697,0.689000015258789
"43169",0.64690664556962,0.35309335443038
"43170",0.61,0.39
"43172",0.705999984741211,0.294000015258789
"43173",0.868000030517578,0.131999969482422
"43174",0.973000030517578,0.0269999694824219
"43175",0.472999992370605,0.527000007629395
"43176",0.615,0.385
"43177",0.587000007629395,0.412999992370605
"43178",0.212999992370605,0.786999969482422
"43905",0.720999984741211,0.279000015258789
"43906",0.845,0.155
